word,class,level
a,indefinite article,a1
abandon,verb,b2
ability,noun,a2
able,adjective,a2
about,adverb,a1
about,preposition,a1
above,adverb,a1
above,preposition,a1
abroad,adverb,a2
absolute,adjective,b2
absolutely,adverb,b1
academic,adjective,b1
academic,noun,b2
accept,verb,a2
acceptable,adjective,b2
access,noun,b1
access,verb,b1
accident,noun,a2
accommodation,noun,b1
accompany,verb,b2
according to,preposition,a2
account,noun,b1
account,verb,b2
accurate,adjective,b2
accuse,verb,b2
achieve,verb,a2
achievement,noun,b1
acknowledge,verb,b2
acquire,verb,b2
across,adverb,a1
across,preposition,a1
act,noun,b1
act,verb,a2
action,noun,a1
active,adjective,a2
activity,noun,a1
actor,noun,a1
actress,noun,a1
actual,adjective,b2
actually,adverb,a2
ad,noun,b1
adapt,verb,b2
add,verb,a1
addition,noun,b1
additional,adjective,b2
address,noun,a1
address,verb,b2
administration,noun,b2
admire,verb,b1
admit,verb,b1
adopt,verb,b2
adult,adjective,a2
adult,noun,a1
advance,adjective,b2
advance,noun,b2
advance,verb,b2
advanced,adjective,b1
advantage,noun,a2
adventure,noun,a2
advertise,verb,a2
advertisement,noun,a2
advertising,noun,a2
advice,noun,a1
advise,verb,b1
affair,noun,b2
affect,verb,a2
afford,verb,b1
afraid,adjective,a1
after,adverb,a2
after,conjunction,a2
after,preposition,a1
afternoon,noun,a1
afterwards,adverb,b2
again,adverb,a1
against,preposition,a2
age,noun,a1
age,verb,b1
aged,adjective,b1
agency,noun,b2
agenda,noun,b2
agent,noun,b1
aggressive,adjective,b2
ago,adverb,a1
agree,verb,a1
agreement,noun,b1
ah,exclamation,a2
ahead,adverb,b1
aid,noun,b2
aid,verb,b2
aim,noun,b1
aim,verb,b1
air,noun,a1
aircraft,noun,b2
airline,noun,a2
airport,noun,a1
alarm,noun,b1
alarm,verb,b2
album,noun,b1
alcohol,noun,b1
alcoholic,adjective,b1
alive,adjective,a2
all,adverb,a2
all,determiner,a1
all,pronoun,a1
all right,adjective,a2
all right,adverb,a2
all right,exclamation,a2
allow,verb,a2
almost,adverb,a2
alone,adjective,a2
alone,adverb,a2
along,adverb,a2
along,preposition,a2
already,adverb,a2
also,adverb,a1
alter,verb,b2
alternative,adjective,b1
alternative,noun,a2
although,conjunction,a2
always,adverb,a1
amazed,adjective,b1
amazing,adjective,a1
ambition,noun,b1
ambitious,adjective,b1
among,preposition,a2
amount,noun,a2
amount,verb,b2
analyse,verb,b1
analysis,noun,b1
ancient,adjective,a2
and,conjunction,a1
anger,noun,b2
angle,noun,b2
angry,adjective,a1
animal,noun,a1
ankle,noun,a2
anniversary,noun,b2
announce,verb,b1
announcement,noun,b1
annoy,verb,b1
annoyed,adjective,b1
annoying,adjective,b1
annual,adjective,b2
another,determiner,a1
another,pronoun,a1
answer,noun,a1
answer,verb,a1
anxious,adjective,b2
any,adverb,a2
any,determiner,a1
any,pronoun,a1
any more,adverb,a2
anybody,pronoun,a2
anyone,pronoun,a1
anything,pronoun,a1
anyway,adverb,a2
anywhere,adverb,a2
anywhere,pronoun,a2
apart,adverb,b1
apartment,noun,a1
apologize,verb,b1
app,noun,a2
apparent,adjective,b2
apparently,adverb,b2
appeal,noun,b2
appeal,verb,b2
appear,verb,a2
appearance,noun,a2
apple,noun,a1
application,noun,b1
apply,verb,a2
appointment,noun,b1
appreciate,verb,b1
approach,noun,b2
approach,verb,b2
appropriate,adjective,b2
approval,noun,b2
approve,verb,b2
approximately,adverb,b1
April,noun,a1
architect,noun,a2
architecture,noun,a2
area,noun,a1
argue,verb,a2
argument,noun,a2
arise,verb,b2
arm,noun,a1
armed,adjective,b2
arms,noun,b2
army,noun,a2
around,adverb,a1
around,preposition,a1
arrange,verb,a2
arrangement,noun,a2
arrest,noun,b1
arrest,verb,b1
arrival,noun,b1
arrive,verb,a1
art,noun,a1
article,noun,a1
artificial,adjective,b2
artist,noun,a1
artistic,adjective,b2
as,adverb,a2
as,conjunction,a2
as,preposition,a1
ashamed,adjective,b2
ask,verb,a1
asleep,adjective,a2
aspect,noun,b2
assess,verb,b2
assessment,noun,b2
assignment,noun,b1
assist,verb,b1
assistant,adjective,a2
assistant,noun,a2
associate,verb,b2
associated,adjective,b2
association,noun,b2
assume,verb,b2
at,preposition,a1
athlete,noun,a2
atmosphere,noun,b1
attach,verb,b1
attack,noun,a2
attack,verb,a2
attempt,noun,b2
attempt,verb,b2
attend,verb,a2
attention,exclamation,a2
attention,noun,a2
attitude,noun,b1
attract,verb,b1
attraction,noun,b1
attractive,adjective,a2
audience,noun,a2
August,noun,a1
aunt,noun,a1
author,noun,a2
authority,noun,b1
autumn,noun,a1
available,adjective,a2
average,adjective,a2
average,noun,a2
average,verb,b1
avoid,verb,a2
award,noun,a2
award,verb,b1
aware,adjective,b1
away,adverb,a1
awful,adjective,a2
baby,noun,a1
back,adjective,a2
back,adverb,a1
back,noun,a1
back,verb,b2
background,noun,a2
backwards,adverb,b1
bacteria,noun,b2
bad,adjective,a1
badly,adverb,a2
bag,noun,a1
bake,verb,b1
balance,noun,b1
balance,verb,b1
ball,noun,a1
ban,noun,b1
ban,verb,b1
banana,noun,a1
band,noun,a1
bank,noun,a1
bar,noun,a2
bar,verb,b2
barrier,noun,b2
base,noun,b1
base,verb,b1
baseball,noun,a2
based,adjective,a2
basic,adjective,b1
basically,adverb,b2
basis,noun,b1
basketball,noun,a2
bath,noun,a1
bathroom,noun,a1
battery,noun,b1
battle,noun,b1
battle,verb,b2
be,verb,a1
be,auxiliary verb,a1
beach,noun,a1
bean,noun,a2
bear,noun,a2
bear,verb,b2
beat,noun,b2
beat,verb,a2
beautiful,adjective,a1
beauty,noun,b1
because,conjunction,a1
become,verb,a1
bed,noun,a1
bedroom,noun,a1
bee,noun,b1
beef,noun,a2
beer,noun,a1
before,adverb,a2
before,conjunction,a2
before,preposition,a1
beg,verb,b2
begin,verb,a1
beginning,noun,a1
behave,verb,a2
behaviour,noun,a2
behind,adverb,a1
behind,preposition,a1
being,noun,b2
belief,noun,b1
believe,verb,a1
bell,noun,b1
belong,verb,a2
below,adverb,a1
below,preposition,a1
belt,noun,a2
bend,noun,b1
bend,verb,b1
benefit,noun,a2
benefit,verb,b1
bent,adjective,b2
best,adjective,a1
best,adverb,a2
best,noun,a2
bet,noun,b2
bet,verb,b2
better,adjective,a1
better,adverb,a2
better,noun,b1
between,adverb,a2
between,preposition,a1
beyond,adverb,b2
beyond,preposition,b2
bicycle,noun,a1
big,adjective,a1
bike,noun,a1
bill,noun,a1
bill,verb,b2
billion,number,a2
bin,noun,a2
biology,noun,a2
bird,noun,a1
birth,noun,a2
birthday,noun,a1
biscuit,noun,a2
bit,noun,a2
bite,noun,b1
bite,verb,b1
bitter,adjective,b2
black,adjective,a1
black,noun,a1
blame,noun,b2
blame,verb,b2
blank,adjective,a2
blank,noun,a2
blind,adjective,b2
block,noun,b1
block,verb,b1
blog,noun,a1
blonde,adjective,a1
blood,noun,a2
blow,verb,a2
blue,adjective,a1
blue,noun,a1
board,noun,a2
board,verb,b1
boat,noun,a1
body,noun,a1
boil,verb,a2
bomb,noun,b1
bomb,verb,b1
bond,noun,b2
bone,noun,a2
book,noun,a1
book,verb,a2
boot,noun,a1
border,noun,b1
border,verb,b2
bored,adjective,a1
boring,adjective,a1
born,verb,a1
borrow,verb,a2
boss,noun,a2
both,determiner,a1
both,pronoun,a1
bother,verb,b1
bottle,noun,a1
bottom,adjective,a2
bottom,noun,a2
bowl,noun,a2
box,noun,a1
boy,noun,a1
boyfriend,noun,a1
brain,noun,a2
branch,noun,b1
brand,noun,b1
brand,verb,b1
brave,adjective,b1
bread,noun,a1
break,noun,a1
break,verb,a1
breakfast,noun,a1
breast,noun,b2
breath,noun,b1
breathe,verb,b1
breathing,noun,b1
bride,noun,b1
bridge,noun,a2
brief,adjective,b2
bright,adjective,a2
brilliant,adjective,a2
bring,verb,a1
broad,adjective,b2
broadcast,noun,b2
broadcast,verb,b2
broken,adjective,a2
brother,noun,a1
brown,adjective,a1
brown,noun,a1
brush,noun,a2
brush,verb,a2
bubble,noun,b1
budget,noun,b2
build,verb,a1
building,noun,a1
bullet,noun,b2
bunch,noun,b2
burn,noun,b2
burn,verb,a2
bury,verb,b1
bus,noun,a1
bush,noun,b2
business,noun,a1
businessman,noun,a2
busy,adjective,a1
but,conjunction,a1
but,preposition,b2
butter,noun,a1
button,noun,a2
buy,verb,a1
by,adverb,b1
by,preposition,a1
bye,exclamation,a1
cable,noun,b2
cafe,noun,a1
cake,noun,a1
calculate,verb,b2
call,noun,a1
call,verb,a1
calm,adjective,b1
calm,noun,b1
calm,verb,b1
camera,noun,a1
camp,noun,a2
camp,verb,a2
campaign,noun,b1
campaign,verb,b1
camping,noun,a2
campus,noun,b1
can,noun,a2
can,modal verb,a1
cancel,verb,b2
cancer,noun,b2
candidate,noun,b1
cannot,modal verb,a1
cap,noun,b1
capable,adjective,b2
capacity,noun,b2
capital,adjective,a1
capital,noun,a1
captain,noun,b1
capture,noun,b2
capture,verb,b2
car,noun,a1
card,noun,a1
care,noun,a2
care,verb,a2
career,noun,a1
careful,adjective,a2
carefully,adverb,a2
careless,adjective,b1
carpet,noun,a2
carrot,noun,a1
carry,verb,a1
cartoon,noun,a2
case,noun,a2
cash,noun,a2
cast,noun,b2
cast,verb,b2
castle,noun,a2
cat,noun,a1
catch,noun,b2
catch,verb,a2
category,noun,b1
cause,noun,a2
cause,verb,a2
CD,noun,a1
ceiling,noun,b1
celebrate,verb,a2
celebration,noun,b1
celebrity,noun,a2
cell,noun,b2
cent,noun,a1
central,adjective,b1
centre,noun,a1
centre,verb,b1
century,noun,a1
ceremony,noun,b1
certain,adjective,a2
certainly,adverb,a2
chain,noun,b1
chain,verb,b2
chair,noun,a1
chair,verb,b2
chairman,noun,b2
challenge,noun,b1
challenge,verb,b2
champion,noun,b1
chance,noun,a2
change,noun,a1
change,verb,a1
channel,noun,b1
chapter,noun,b1
character,noun,a2
characteristic,adjective,b2
characteristic,noun,b2
charge,noun,b1
charge,verb,b1
charity,noun,a2
chart,noun,a1
chart,verb,b2
chat,noun,a2
chat,verb,a2
cheap,adjective,a1
cheap,adverb,b1
cheat,noun,b1
cheat,verb,b1
check,noun,a2
check,verb,a1
cheerful,adjective,b1
cheese,noun,a1
chef,noun,a2
chemical,adjective,b1
chemical,noun,b1
chemistry,noun,a2
chest,noun,b1
chicken,noun,a1
chief,adjective,b2
chief,noun,b2
child,noun,a1
childhood,noun,b1
chip,noun,a2
chocolate,noun,a1
choice,noun,a2
choose,verb,a1
church,noun,a2
cigarette,noun,a2
cinema,noun,a1
circle,noun,a2
circle,verb,a2
circumstance,noun,b2
cite,verb,b2
citizen,noun,b2
city,noun,a1
civil,adjective,b2
claim,noun,b1
claim,verb,b1
class,noun,a1
classic,adjective,b2
classic,noun,b2
classical,adjective,a2
classroom,noun,a1
clause,noun,b1
clean,adjective,a1
clean,verb,a1
clear,adjective,a2
clear,verb,b1
clearly,adverb,a2
clever,adjective,a2
click,noun,b1
click,verb,b1
client,noun,b1
climate,noun,a2
climb,noun,b1
climb,verb,a1
clock,noun,a1
close,adjective,a2
close,adverb,b1
close,noun,b2
close,verb,a1
closed,adjective,a2
closely,adverb,b2
cloth,noun,b1
clothes,noun,a1
clothing,noun,a2
cloud,noun,a2
club,noun,a1
clue,noun,b1
coach,noun,a2
coach,verb,b1
coal,noun,b1
coast,noun,a2
coat,noun,a1
code,noun,a2
coffee,noun,a1
coin,noun,b1
cold,adjective,a1
cold,noun,a1
collapse,noun,b2
collapse,verb,b2
colleague,noun,a2
collect,verb,a2
collection,noun,b1
college,noun,a1
colour,noun,a1
coloured,adjective,b1
column,noun,a2
combination,noun,b2
combine,verb,b1
come,verb,a1
comedy,noun,a2
comfort,noun,b2
comfort,verb,b2
comfortable,adjective,a2
command,noun,b2
command,verb,b2
comment,noun,a2
comment,verb,b1
commercial,adjective,b1
commercial,noun,b1
commission,noun,b2
commission,verb,b2
commit,verb,b1
commitment,noun,b2
committee,noun,b2
common,adjective,a1
commonly,adverb,b2
communicate,verb,a2
communication,noun,b1
community,noun,a2
company,noun,a1
compare,verb,a1
comparison,noun,b1
compete,verb,a2
competition,noun,a2
competitive,adjective,b1
competitor,noun,b1
complain,verb,a2
complaint,noun,b1
complete,adjective,a1
complete,verb,a1
completely,adverb,a2
complex,adjective,b1
complex,noun,b2
complicated,adjective,b2
component,noun,b2
computer,noun,a1
concentrate,verb,b1
concentration,noun,b2
concept,noun,b2
concern,noun,b2
concern,verb,b2
concerned,adjective,b2
concert,noun,a1
conclude,verb,b1
conclusion,noun,b1
condition,noun,a2
conduct,noun,b2
conduct,verb,b2
conference,noun,a2
confidence,noun,b2
confident,adjective,b1
confirm,verb,b1
conflict,noun,b2
conflict,verb,b2
confuse,verb,b1
confused,adjective,b1
confusing,adjective,b2
connect,verb,a2
connected,adjective,a2
connection,noun,b1
conscious,adjective,b2
consequence,noun,b1
conservative,adjective,b2
conservative,noun,b2
consider,verb,a2
consideration,noun,b2
consist,verb,b1
consistent,adjective,b2
constant,adjective,b2
constantly,adverb,b2
construct,verb,b2
construction,noun,b2
consume,verb,b1
consumer,noun,b1
contact,noun,b1
contact,verb,b1
contain,verb,a2
container,noun,b1
contemporary,adjective,b2
content,noun,b1
contest,noun,b2
contest,verb,b2
context,noun,a2
continent,noun,a2
continue,verb,a2
continuous,adjective,b1
contract,noun,b2
contract,verb,b2
contrast,noun,b1
contrast,verb,b1
contribute,verb,b2
contribution,noun,b2
control,noun,a2
control,verb,a2
convenient,adjective,b1
conversation,noun,a1
convert,verb,b2
convince,verb,b1
convinced,adjective,b2
cook,noun,a2
cook,verb,a1
cooker,noun,a2
cooking,noun,a1
cool,adjective,a1
cool,verb,b1
copy,noun,a2
copy,verb,a2
core,adjective,b2
core,noun,b2
corner,noun,a2
corporate,adjective,b2
correct,adjective,a1
correct,verb,a1
correctly,adverb,a2
cost,noun,a1
cost,verb,a1
costume,noun,b1
cottage,noun,b1
cotton,noun,b1
could,modal verb,a1
council,noun,b2
count,noun,b1
count,verb,a2
country,noun,a1
countryside,noun,b1
county,noun,b2
couple,noun,a2
courage,noun,b2
course,noun,a1
court,noun,b1
cousin,noun,a1
cover,noun,b1
cover,verb,a2
covered,adjective,b1
cow,noun,a1
crash,noun,b2
crash,verb,b2
crazy,adjective,a2
cream,adjective,b1
cream,noun,a1
create,verb,a1
creation,noun,b2
creative,adjective,a2
creature,noun,b2
credit,noun,a2
credit,verb,b2
crew,noun,b2
crime,noun,a2
criminal,adjective,b1
criminal,noun,a2
crisis,noun,b2
criterion,noun,b2
critic,noun,b2
critical,adjective,b2
criticism,noun,b2
criticize,verb,b2
crop,noun,b2
cross,noun,a2
cross,verb,a2
crowd,noun,a2
crowded,adjective,a2
crucial,adjective,b2
cruel,adjective,b1
cry,noun,b2
cry,verb,a2
cultural,adjective,b1
culture,noun,a1
cup,noun,a1
cupboard,noun,a2
cure,noun,b2
cure,verb,b2
curly,adjective,a2
currency,noun,b1
current,adjective,b1
current,noun,b2
currently,adverb,b1
curtain,noun,b1
curve,noun,b2
curve,verb,b2
curved,adjective,b2
custom,noun,b1
customer,noun,a1
cut,noun,b1
cut,verb,a1
cycle,noun,a2
cycle,verb,a2
dad,noun,a1
daily,adjective,a2
daily,adverb,b1
damage,noun,b1
damage,verb,b1
dance,noun,a1
dance,verb,a1
dancer,noun,a1
dancing,noun,a1
danger,noun,a2
dangerous,adjective,a1
dark,adjective,a1
dark,noun,a2
data,noun,a2
date,noun,a1
date,verb,b2
daughter,noun,a1
day,noun,a1
dead,adjective,a2
deal,noun,b1
deal,verb,a2
dear,adjective,a1
dear,exclamation,a2
death,noun,a2
debate,noun,b2
debate,verb,b2
debt,noun,b2
decade,noun,b1
December,noun,a1
decent,adjective,b2
decide,verb,a1
decision,noun,a2
declare,verb,b2
decline,noun,b2
decline,verb,b2
decorate,verb,b1
decoration,noun,b2
decrease,noun,b2
decrease,verb,b2
deep,adjective,a2
deep,adverb,b1
deeply,adverb,b2
defeat,noun,b2
defeat,verb,b2
defence,noun,b2
defend,verb,b2
define,verb,b1
definite,adjective,b1
definitely,adverb,a2
definition,noun,b1
degree,noun,a2
delay,noun,b2
delay,verb,b2
deliberate,adjective,b2
deliberately,adverb,b2
delicious,adjective,a1
delight,noun,b2
delight,verb,b2
delighted,adjective,b2
deliver,verb,b1
delivery,noun,b2
demand,noun,b2
demand,verb,b2
demonstrate,verb,b2
dentist,noun,a2
deny,verb,b2
department,noun,a2
departure,noun,b1
depend,verb,a2
depressed,adjective,b2
depressing,adjective,b2
depth,noun,b2
describe,verb,a1
description,noun,a1
desert,noun,a2
desert,verb,b2
deserve,verb,b2
design,noun,a1
design,verb,a1
designer,noun,a2
desire,noun,b2
desire,verb,b2
desk,noun,a1
desperate,adjective,b2
despite,preposition,b1
destination,noun,b1
destroy,verb,a2
detail,noun,a1
detail,verb,b2
detailed,adjective,b2
detect,verb,b2
detective,noun,a2
determine,verb,b1
determined,adjective,b1
develop,verb,a2
development,noun,b1
device,noun,a2
diagram,noun,b1
dialogue,noun,a1
diamond,noun,b1
diary,noun,a2
dictionary,noun,a1
die,verb,a1
diet,noun,a1
difference,noun,a1
different,adjective,a1
differently,adverb,a2
difficult,adjective,a1
difficulty,noun,b1
dig,verb,b2
digital,adjective,a2
dinner,noun,a1
direct,adjective,a2
direct,adverb,b1
direct,verb,b1
direction,noun,a2
directly,adverb,b1
director,noun,a2
dirt,noun,b1
dirty,adjective,a1
disadvantage,noun,b1
disagree,verb,a2
disappear,verb,a2
disappointed,adjective,b1
disappointing,adjective,b1
disaster,noun,a2
disc,noun,b2
discipline,noun,b2
discount,noun,b1
discount,verb,b2
discover,verb,a2
discovery,noun,a2
discuss,verb,a1
discussion,noun,a2
disease,noun,a2
dish,noun,a1
dishonest,adjective,b2
disk,noun,b2
dislike,noun,b1
dislike,verb,b1
dismiss,verb,b2
display,noun,b2
display,verb,b2
distance,noun,a2
distribute,verb,b2
distribution,noun,b2
district,noun,b2
divide,noun,b2
divide,verb,b1
division,noun,b2
divorced,adjective,a2
do,verb,a1
do,auxiliary verb,a1
doctor,noun,a1
document,noun,a2
document,verb,b2
documentary,noun,b1
dog,noun,a1
dollar,noun,a1
domestic,adjective,b2
dominate,verb,b2
donate,verb,b1
door,noun,a1
double,adjective,a2
double,adverb,b1
double,determiner,a2
double,pronoun,a2
double,verb,a2
doubt,noun,b1
doubt,verb,b1
down,adverb,a1
down,preposition,a1
download,noun,a2
download,verb,a2
downstairs,adjective,a2
downstairs,adverb,a1
downwards,adverb,b2
dozen,determiner,b2
dozen,noun,b2
draft,noun,b2
draft,verb,b2
drag,verb,b2
drama,noun,a2
dramatic,adjective,b2
draw,verb,a1
drawing,noun,a2
dream,noun,a2
dream,verb,a2
dress,noun,a1
dress,verb,a1
dressed,adjective,b1
drink,noun,a1
drink,verb,a1
drive,noun,a2
drive,verb,a1
driver,noun,a1
driving,noun,a2
drop,noun,b1
drop,verb,a2
drug,noun,a2
drum,noun,b1
drunk,adjective,b1
dry,adjective,a2
dry,verb,a2
due,adjective,b1
during,preposition,a1
dust,noun,b1
duty,noun,b1
DVD,noun,a1
each,adverb,a1
each,determiner,a1
each,pronoun,a1
ear,noun,a1
early,adjective,a1
early,adverb,a1
earn,verb,a2
earth,noun,a2
earthquake,noun,b1
easily,adverb,a2
east,adjective,a1
east,adverb,a1
east,noun,a1
eastern,adjective,b1
easy,adjective,a1
eat,verb,a1
economic,adjective,b1
economy,noun,b1
edge,noun,b1
edit,verb,b2
edition,noun,b2
editor,noun,b1
educate,verb,b1
educated,adjective,b1
education,noun,a2
educational,adjective,b1
effect,noun,a2
effective,adjective,b1
effectively,adverb,b1
efficient,adjective,b2
effort,noun,b1
egg,noun,a1
eight,number,a1
eighteen,number,a1
eighty,number,a1
either,adverb,a2
either,determiner,a2
either,pronoun,a2
elderly,adjective,b2
elect,verb,b2
election,noun,b1
electric,adjective,a2
electrical,adjective,a2
electricity,noun,a2
electronic,adjective,a2
element,noun,b1
elephant,noun,a1
eleven,number,a1
else,adverb,a1
elsewhere,adverb,b2
email,noun,a1
email,verb,a1
embarrassed,adjective,b1
embarrassing,adjective,b1
emerge,verb,b2
emergency,noun,b1
emotion,noun,b1
emotional,adjective,b2
emphasis,noun,b2
emphasize,verb,b2
employ,verb,a2
employee,noun,a2
employer,noun,a2
employment,noun,b1
empty,adjective,a2
empty,verb,b1
enable,verb,b2
encounter,noun,b2
encounter,verb,b2
encourage,verb,b1
end,noun,a1
end,verb,a1
ending,noun,a2
enemy,noun,b1
energy,noun,a2
engage,verb,b2
engaged,adjective,b1
engine,noun,a2
engineer,noun,a2
engineering,noun,b1
enhance,verb,b2
enjoy,verb,a1
enormous,adjective,a2
enough,adverb,a1
enough,determiner,a1
enough,pronoun,a1
enquiry,noun,b2
ensure,verb,b2
enter,verb,a2
entertain,verb,b1
entertainment,noun,b1
enthusiasm,noun,b2
enthusiastic,adjective,b2
entire,adjective,b2
entirely,adverb,b2
entrance,noun,b1
entry,noun,b1
environment,noun,a2
environmental,adjective,b1
episode,noun,b1
equal,adjective,b1
equal,noun,b2
equal,verb,b1
equally,adverb,b1
equipment,noun,a2
error,noun,a2
escape,noun,b1
escape,verb,b1
especially,adverb,a2
essay,noun,a2
essential,adjective,b1
establish,verb,b2
estate,noun,b2
estimate,noun,b2
estimate,verb,b2
ethical,adjective,b2
euro,noun,a1
evaluate,verb,b2
even,adjective,b2
even,adverb,a1
evening,noun,a1
event,noun,a1
eventually,adverb,b1
ever,adverb,a1
every,determiner,a1
everybody,pronoun,a1
everyday,adjective,a2
everyone,pronoun,a1
everything,pronoun,a1
everywhere,adverb,a2
evidence,noun,a2
evil,adjective,b2
evil,noun,b2
exact,adjective,a2
exactly,adverb,a2
exam,noun,a1
examination,noun,b2
examine,verb,b1
example,noun,a1
excellent,adjective,a2
except,conjunction,b1
except,preposition,a2
exchange,noun,b1
exchange,verb,b1
excited,adjective,a1
excitement,noun,b1
exciting,adjective,a1
excuse,noun,b2
excuse,verb,b2
executive,adjective,b2
executive,noun,b2
exercise,noun,a1
exercise,verb,a1
exhibition,noun,b1
exist,verb,a2
existence,noun,b2
expand,verb,b1
expect,verb,a2
expectation,noun,b2
expected,adjective,b1
expedition,noun,b1
expense,noun,b2
expensive,adjective,a1
experience,noun,a2
experience,verb,b1
experienced,adjective,b1
experiment,noun,a2
experiment,verb,b1
expert,adjective,a2
expert,noun,a2
explain,verb,a1
explanation,noun,a2
explode,verb,b1
exploration,noun,b2
explore,verb,b1
explosion,noun,b1
export,noun,b1
export,verb,b1
expose,verb,b2
express,verb,a2
expression,noun,a2
extend,verb,b2
extent,noun,b2
external,adjective,b2
extra,adjective,a1
extra,adverb,b1
extra,noun,b1
extraordinary,adjective,b2
extreme,adjective,a2
extreme,noun,b2
extremely,adverb,a2
eye,noun,a1
face,noun,a1
face,verb,b1
facility,noun,b2
fact,noun,a1
factor,noun,a2
factory,noun,a2
fail,verb,a2
failure,noun,b2
fair,adjective,a2
fairly,adverb,b1
faith,noun,b2
fall,noun,a2
fall,verb,a1
false,adjective,a1
familiar,adjective,b1
family,adjective,a1
family,noun,a1
famous,adjective,a1
fan,noun,a2
fancy,adjective,b1
fancy,verb,b1
fantastic,adjective,a1
far,adjective,b1
far,adverb,a1
farm,noun,a1
farm,verb,a2
farmer,noun,a1
farming,noun,a2
fascinating,adjective,b1
fashion,noun,a2
fashionable,adjective,b1
fast,adjective,a1
fast,adverb,a1
fasten,verb,b1
fat,adjective,a1
fat,noun,a2
father,noun,a1
fault,noun,b2
favour,noun,b1
favour,verb,b2
favourite,adjective,a1
favourite,noun,a1
fear,noun,a2
fear,verb,b1
feather,noun,b2
feature,noun,a2
feature,verb,b1
February,noun,a1
fee,noun,b2
feed,noun,b2
feed,verb,a2
feedback,noun,b2
feel,noun,b2
feel,verb,a1
feeling,noun,a1
fellow,adjective,b2
female,adjective,a2
female,noun,a2
fence,noun,b1
festival,noun,a1
few,adjective,a1
few,determiner,a1
few,pronoun,a1
fiction,noun,a2
field,noun,a2
fifteen,number,a1
fifth,ordinal number,a1
fifty,number,a1
fight,noun,a2
fight,verb,a2
fighting,noun,b1
figure,noun,a2
figure,verb,b2
file,noun,b1
file,verb,b2
fill,verb,a1
film,noun,a1
film,verb,a2
final,adjective,a1
final,noun,a2
finally,adverb,a2
finance,noun,b2
finance,verb,b2
financial,adjective,b1
find,verb,a1
finding,noun,b2
fine,adjective,a1
finger,noun,a2
finish,noun,a2
finish,verb,a1
fire,noun,a1
fire,verb,b1
firm,noun,b2
first,adverb,a1
first,determiner,a1
first,noun,a2
first,ordinal number,a1
firstly,adverb,a2
fish,noun,a1
fish,verb,a2
fishing,noun,a2
fit,adjective,a2
fit,verb,a2
fitness,noun,b1
five,number,a1
fix,noun,b2
fix,verb,a2
fixed,adjective,b1
flag,noun,b1
flame,noun,b2
flash,noun,b2
flash,verb,b2
flat,adjective,a2
flat,noun,a1
flexible,adjective,b2
flight,noun,a1
float,verb,b2
flood,noun,b1
flood,verb,b1
floor,noun,a1
flour,noun,b1
flow,noun,b1
flow,verb,b1
flower,noun,a1
flu,noun,a2
fly,noun,a2
fly,verb,a1
flying,adjective,a2
flying,noun,a2
focus,noun,a2
focus,verb,a2
fold,noun,b2
fold,verb,b1
folding,adjective,b2
folk,adjective,b1
folk,noun,b1
follow,verb,a1
following,adjective,a2
following,noun,b1
following,preposition,b2
food,noun,a1
foot,noun,a1
football,noun,a1
for,preposition,a1
force,noun,b1
force,verb,b1
foreign,adjective,a2
forest,noun,a2
forever,adverb,b1
forget,verb,a1
forgive,verb,b2
fork,noun,a2
form,noun,a1
form,verb,a1
formal,adjective,a2
former,adjective,b2
fortunately,adverb,a2
fortune,noun,b2
forty,number,a1
forward,adjective,b2
forward,adverb,a2
found,verb,b2
four,number,a1
fourteen,number,a1
fourth,ordinal number,a1
frame,noun,b1
frame,verb,b1
free,adjective,a1
free,adverb,a2
free,verb,b2
freedom,noun,b2
freeze,verb,b1
frequency,noun,b2
frequently,adverb,b1
fresh,adjective,a2
Friday,noun,a1
fridge,noun,a2
friend,noun,a1
friendly,adjective,a1
friendship,noun,b1
frighten,verb,b1
frightened,adjective,b1
frightening,adjective,b1
frog,noun,a2
from,preposition,a1
front,adjective,a1
front,noun,a1
frozen,adjective,b1
fruit,noun,a1
fry,verb,b1
fuel,noun,b1
fuel,verb,b2
full,adjective,a1
fully,adverb,b2
fun,adjective,a2
fun,noun,a1
function,noun,b1
function,verb,b2
fund,noun,b2
fund,verb,b2
fundamental,adjective,b2
funding,noun,b2
funny,adjective,a1
fur,noun,b1
furniture,noun,a2
further,adjective,a2
further,adverb,b1
furthermore,adverb,b2
future,adjective,a2
future,noun,a1
gain,noun,b2
gain,verb,b2
gallery,noun,a2
game,noun,a1
gang,noun,b2
gap,noun,a2
garage,noun,b1
garden,noun,a1
gas,noun,a2
gate,noun,a2
gather,verb,b1
general,adjective,a2
generally,adverb,b1
generate,verb,b2
generation,noun,b1
generous,adjective,b1
genre,noun,b2
gentle,adjective,b1
gentleman,noun,b1
geography,noun,a1
get,verb,a1
ghost,noun,b1
giant,adjective,b1
giant,noun,b1
gift,noun,a2
girl,noun,a1
girlfriend,noun,a1
give,verb,a1
glad,adjective,b1
glass,noun,a1
global,adjective,b1
glove,noun,b1
go,noun,b1
go,verb,a1
goal,noun,a2
god,noun,a2
gold,adjective,a2
gold,noun,a2
golf,noun,a2
good,adjective,a1
good,noun,a2
goodbye,exclamation,a1
goodbye,noun,a1
goods,noun,b1
govern,verb,b2
government,noun,a2
grab,verb,b2
grade,noun,b1
grade,verb,b2
gradually,adverb,b2
graduate,noun,b1
graduate,verb,b1
grain,noun,b1
grand,adjective,b2
grandfather,noun,a1
grandmother,noun,a1
grandparent,noun,a1
grant,noun,b2
grant,verb,b2
grass,noun,a2
grateful,adjective,b1
great,adjective,a1
green,adjective,a1
green,noun,a1
greet,verb,a2
grey,adjective,a1
grey,noun,a1
ground,noun,a2
group,noun,a1
grow,verb,a1
growth,noun,b1
guarantee,noun,b2
guarantee,verb,b2
guard,noun,b1
guard,verb,b1
guess,noun,a1
guess,verb,a1
guest,noun,a2
guide,noun,a2
guide,verb,a2
guilty,adjective,b1
guitar,noun,a1
gun,noun,a2
guy,noun,a2
gym,noun,a1
habit,noun,a2
hair,noun,a1
half,adverb,a2
half,determiner,a1
half,noun,a1
half,pronoun,a1
hall,noun,a2
hand,noun,a1
hand,verb,b1
handle,noun,b2
handle,verb,b2
hang,verb,b1
happen,verb,a1
happily,adverb,a2
happiness,noun,b1
happy,adjective,a1
hard,adjective,a1
hard,adverb,a1
hardly,adverb,b1
harm,noun,b2
harm,verb,b2
harmful,adjective,b2
hat,noun,a1
hate,noun,b1
hate,verb,a1
have,verb,a1
have,auxiliary verb,a2
have to,modal verb,a1
he,pronoun,a1
head,noun,a1
head,verb,b1
headache,noun,a2
headline,noun,b1
health,noun,a1
healthy,adjective,a1
hear,verb,a1
hearing,noun,b2
heart,noun,a2
heat,noun,a2
heat,verb,a2
heating,noun,b1
heaven,noun,b2
heavily,adverb,b1
heavy,adjective,a2
heel,noun,b2
height,noun,a2
helicopter,noun,b1
hell,noun,b2
hello,exclamation,a1
hello,noun,a1
help,noun,a1
help,verb,a1
helpful,adjective,a2
her,determiner,a1
her,pronoun,a1
here,adverb,a1
hero,noun,a2
hers,pronoun,a2
herself,pronoun,a2
hesitate,verb,b2
hey,exclamation,a1
hi,exclamation,a1
hide,verb,a2
high,adjective,a1
high,adverb,a2
high,noun,b2
highlight,noun,b1
highlight,verb,b1
highly,adverb,b1
hill,noun,a2
him,pronoun,a1
himself,pronoun,a2
hire,noun,b2
hire,verb,b1
his,determiner,a1
his,pronoun,a2
historic,adjective,b1
historical,adjective,b1
history,noun,a1
hit,noun,a2
hit,verb,a2
hobby,noun,a1
hockey,noun,a2
hold,noun,b2
hold,verb,a2
hole,noun,a2
holiday,noun,a1
hollow,adjective,b2
holy,adjective,b2
home,adjective,a2
home,adverb,a1
home,noun,a1
homework,noun,a1
honest,adjective,b1
honour,noun,b2
honour,verb,b2
hope,noun,a2
hope,verb,a1
horrible,adjective,b1
horror,noun,b1
horse,noun,a1
hospital,noun,a1
host,noun,b1
host,verb,b2
hot,adjective,a1
hotel,noun,a1
hour,noun,a1
house,noun,a1
house,verb,b2
household,noun,b2
housing,noun,b2
how,adverb,a1
however,adverb,a1
huge,adjective,a2
human,adjective,a2
human,noun,a2
humorous,adjective,b2
humour,noun,b2
hundred,number,a1
hungry,adjective,a1
hunt,noun,b2
hunt,verb,b1
hunting,noun,b2
hurricane,noun,b1
hurry,noun,b1
hurry,verb,b1
hurt,adjective,a2
hurt,noun,b2
hurt,verb,a2
husband,noun,a1
I,pronoun,a1
ice,noun,a1
ice cream,noun,a1
idea,noun,a1
ideal,adjective,a2
ideal,noun,b2
identify,verb,a2
identity,noun,b1
if,conjunction,a1
ignore,verb,b1
ill,adjective,a2
illegal,adjective,b1
illness,noun,a2
illustrate,verb,b2
illustration,noun,b2
image,noun,a2
imaginary,adjective,b1
imagination,noun,b2
imagine,verb,a1
immediate,adjective,b1
immediately,adverb,a2
immigrant,noun,b1
impact,noun,b1
impact,verb,b1
impatient,adjective,b2
imply,verb,b2
import,noun,b1
import,verb,b1
importance,noun,b1
important,adjective,a1
impose,verb,b2
impossible,adjective,a2
impress,verb,b2
impressed,adjective,b2
impression,noun,b1
impressive,adjective,b1
improve,verb,a1
improvement,noun,b1
in,adverb,a1
in,preposition,a1
inch,noun,b2
incident,noun,b2
include,verb,a1
included,adjective,a2
including,preposition,a2
income,noun,b2
increase,noun,a2
increase,verb,a2
increasingly,adverb,b2
incredible,adjective,a2
incredibly,adverb,b1
indeed,adverb,b1
independent,adjective,a2
indicate,verb,b1
indirect,adjective,b1
individual,adjective,a2
individual,noun,a2
indoor,adjective,b1
indoors,adverb,b1
industrial,adjective,b2
industry,noun,a2
infection,noun,b2
influence,noun,b1
influence,verb,b1
inform,verb,b2
informal,adjective,a2
information,noun,a1
ingredient,noun,b1
initial,adjective,b2
initially,adverb,b2
initiative,noun,b2
injure,verb,b1
injured,adjective,b1
injury,noun,a2
inner,adjective,b2
innocent,adjective,b1
inquiry,noun,b2
insect,noun,a2
inside,adjective,a2
inside,adverb,a2
inside,noun,a2
inside,preposition,a2
insight,noun,b2
insist,verb,b2
inspire,verb,b2
install,verb,b2
instance,noun,b2
instead,adverb,a2
institute,noun,b2
institution,noun,b2
instruction,noun,a2
instructor,noun,a2
instrument,noun,a2
insurance,noun,b2
intelligence,noun,b1
intelligent,adjective,a2
intend,verb,b1
intended,adjective,b2
intense,adjective,b2
intention,noun,b1
interest,noun,a1
interest,verb,a1
interested,adjective,a1
interesting,adjective,a1
internal,adjective,b2
international,adjective,a2
internet,noun,a1
interpret,verb,b2
interrupt,verb,b2
interview,noun,a1
interview,verb,a1
into,preposition,a1
introduce,verb,a1
introduction,noun,a2
invent,verb,a2
invention,noun,a2
invest,verb,b1
investigate,verb,b1
investigation,noun,b2
investment,noun,b2
invitation,noun,a2
invite,verb,a2
involve,verb,a2
involved,adjective,b1
iron,noun,b1
iron,verb,b1
island,noun,a1
issue,noun,b1
issue,verb,b2
IT,noun,b1
it,pronoun,a1
item,noun,a2
its,determiner,a1
itself,pronoun,a2
jacket,noun,a1
jam,noun,a2
January,noun,a1
jazz,noun,a2
jeans,noun,a1
jewellery,noun,a2
job,noun,a1
join,verb,a1
joke,noun,a2
joke,verb,a2
journal,noun,b1
journalist,noun,a2
journey,noun,a1
joy,noun,b2
judge,noun,b1
judge,verb,b1
judgement,noun,b2
juice,noun,a1
July,noun,a1
jump,noun,a2
jump,verb,a2
June,noun,a1
junior,adjective,b2
just,adverb,a1
justice,noun,b2
justify,verb,b2
keen,adjective,b1
keep,verb,a1
key,adjective,a1
key,noun,a1
key,verb,b1
keyboard,noun,b1
kick,noun,b1
kick,verb,b1
kid,noun,a2
kill,verb,a2
killing,noun,b1
kilometre,noun,a1
kind,adjective,b1
kind,noun,a1
king,noun,a2
kiss,noun,b1
kiss,verb,b1
kitchen,noun,a1
knee,noun,a2
knife,noun,a2
knock,noun,b1
knock,verb,a2
know,verb,a1
knowledge,noun,a2
lab,noun,a2
label,noun,b1
label,verb,b1
laboratory,noun,b1
labour,noun,b2
lack,noun,b1
lack,verb,b1
lady,noun,a2
lake,noun,a2
lamp,noun,a2
land,noun,a1
land,verb,a2
landscape,noun,b2
language,noun,a1
laptop,noun,a2
large,adjective,a1
largely,adverb,b2
last,adverb,a2
last,determiner,a1
last,noun,a2
last,verb,a2
late,adjective,a1
late,adverb,a1
later,adjective,a2
later,adverb,a1
latest,adjective,b1
latest,noun,b2
laugh,noun,a1
laugh,verb,a1
laughter,noun,a2
launch,noun,b2
launch,verb,b2
law,noun,a2
lawyer,noun,a2
lay,verb,b1
layer,noun,b1
lazy,adjective,a2
lead,noun,b1
lead,verb,a2
leader,noun,a2
leadership,noun,b2
leading,adjective,b1
leaf,noun,b1
league,noun,b2
lean,verb,b2
learn,verb,a1
learning,noun,a2
least,adverb,a2
least,determiner,a2
least,pronoun,a2
leather,noun,b1
leave,noun,b2
leave,verb,a1
lecture,noun,a2
lecture,verb,a2
left,adjective,a1
left,adverb,a1
left,noun,a1
leg,noun,a1
legal,adjective,b1
leisure,noun,b1
lemon,noun,a2
lend,verb,a2
length,noun,b1
less,adverb,a2
less,determiner,a2
less,pronoun,a2
lesson,noun,a1
let,verb,a1
letter,noun,a1
level,adjective,b1
level,noun,a2
level,verb,b2
library,noun,a1
licence,noun,b2
lie,noun,b1
lie,verb,a1
lie,verb,b1
life,noun,a1
lifestyle,noun,a2
lift,noun,a2
lift,verb,a2
light,adjective,a1
light,noun,a1
light,verb,a2
like,noun,b1
like,preposition,a1
like,verb,a1
likely,adjective,a2
limit,noun,b1
limit,verb,b1
limited,adjective,b2
line,noun,a1
line,verb,b2
link,noun,a2
link,verb,a2
lion,noun,a1
lip,noun,b1
liquid,adjective,b1
liquid,noun,b1
list,noun,a1
list,verb,a1
listen,verb,a1
listener,noun,a2
literature,noun,b1
little,adjective,a1
little,adverb,a2
little,determiner,a1
little,pronoun,a1
live,adjective,b1
live,adverb,b1
live,verb,a1
lively,adjective,b2
living,adjective,b1
living,noun,b1
load,noun,b2
load,verb,b2
loan,noun,b2
local,adjective,a1
local,noun,b1
locate,verb,b1
located,adjective,b1
location,noun,b1
lock,noun,a2
lock,verb,a2
logical,adjective,b2
lonely,adjective,b1
long,adjective,a1
long,adverb,a1
long-term,adjective,b2
long-term,adverb,b2
look,noun,a2
look,verb,a1
loose,adjective,b2
lord,noun,b2
lorry,noun,a2
lose,verb,a1
loss,noun,b1
lost,adjective,a2
lot,adverb,a1
lot,determiner,a1
lot,pronoun,a1
loud,adjective,a2
loud,adverb,a2
loudly,adverb,a2
love,noun,a1
love,verb,a1
lovely,adjective,a2
low,adjective,a2
low,adverb,a2
low,noun,b2
lower,verb,b2
luck,noun,a2
lucky,adjective,a2
lunch,noun,a1
lung,noun,b2
luxury,adjective,b1
luxury,noun,b1
machine,noun,a1
mad,adjective,b1
magazine,noun,a1
magic,adjective,b1
magic,noun,b1
mail,noun,a2
mail,verb,a2
main,adjective,a1
mainly,adverb,b1
maintain,verb,b2
major,adjective,a2
majority,noun,b2
make,noun,b2
make,verb,a1
male,adjective,a2
male,noun,a2
mall,noun,b1
man,noun,a1
manage,verb,a2
management,noun,b1
manager,noun,a2
manner,noun,a2
many,determiner,a1
many,pronoun,a1
map,noun,a1
map,verb,b2
March,noun,a1
mark,noun,a2
mark,verb,a2
market,noun,a1
market,verb,b1
marketing,noun,b1
marriage,noun,b1
married,adjective,a1
marry,verb,a2
mass,adjective,b2
mass,noun,b2
massive,adjective,b2
master,noun,b2
master,verb,b2
match,noun,a1
match,verb,a1
matching,adjective,b2
material,adjective,b2
material,noun,a2
mathematics,noun,a2
maths,noun,a2
matter,noun,a2
matter,verb,a2
maximum,adjective,b2
maximum,noun,b2
May,noun,a1
may,modal verb,a2
maybe,adverb,a1
me,pronoun,a1
meal,noun,a1
mean,verb,a1
meaning,noun,a1
means,noun,b2
meanwhile,adverb,b1
measure,noun,b1
measure,verb,b1
measurement,noun,b2
meat,noun,a1
media,noun,a2
medical,adjective,a2
medicine,noun,a2
medium,adjective,b1
medium,noun,b2
meet,verb,a1
meeting,noun,a1
melt,verb,b2
member,noun,a1
memory,noun,a2
mental,adjective,b1
mention,noun,b1
mention,verb,a2
menu,noun,a1
mess,noun,b1
message,noun,a1
metal,noun,a2
method,noun,a2
metre,noun,a1
middle,adjective,a2
middle,noun,a2
midnight,noun,a1
might,modal verb,a2
mild,adjective,b1
mile,noun,a1
military,adjective,b2
military,noun,b2
milk,noun,a1
million,number,a1
mind,noun,a2
mind,verb,a2
mine,noun,b1
mine,pronoun,a2
mineral,noun,b2
minimum,adjective,b2
minimum,noun,b2
minister,noun,b2
minor,adjective,b2
minority,noun,b2
minute,noun,a1
mirror,noun,a2
miss,verb,a1
missing,adjective,a2
mission,noun,b2
mistake,noun,a1
mistake,verb,b2
mix,noun,b1
mix,verb,b1
mixed,adjective,b2
mixture,noun,b1
mobile,adjective,a2
mobile,noun,a2
model,noun,a1
model,verb,b2
modern,adjective,a1
modify,verb,b2
moment,noun,a1
Monday,noun,a1
money,noun,a1
monitor,noun,b2
monitor,verb,b2
monkey,noun,a2
month,noun,a1
mood,noun,b1
moon,noun,a2
moral,adjective,b2
moral,noun,b2
more,adverb,a1
more,determiner,a1
more,pronoun,a1
morning,noun,a1
most,adverb,a1
most,determiner,a1
most,pronoun,a1
mostly,adverb,a2
mother,noun,a1
motor,adjective,b2
motor,noun,b2
motorcycle,noun,a2
mount,verb,b2
mountain,noun,a1
mouse,noun,a1
mouth,noun,a1
move,noun,b1
move,verb,a1
movement,noun,a2
movie,noun,a1
much,adverb,a1
much,determiner,a1
much,pronoun,a1
mud,noun,b1
multiple,adjective,b2
multiply,verb,b2
mum,noun,a1
murder,noun,b1
murder,verb,b1
muscle,noun,b1
museum,noun,a1
music,noun,a1
musical,adjective,a2
musical,noun,b1
musician,noun,a2
must,modal verb,a1
my,determiner,a1
myself,pronoun,a2
mysterious,adjective,b2
mystery,noun,b1
nail,noun,b1
name,noun,a1
name,verb,a1
narrative,adjective,b1
narrative,noun,b1
narrow,adjective,a2
narrow,verb,b2
nation,noun,b1
national,adjective,a2
national,noun,b2
native,adjective,b1
native,noun,b1
natural,adjective,a1
naturally,adverb,b1
nature,noun,a2
near,adjective,a1
near,adverb,a1
near,preposition,a1
nearly,adverb,a2
neat,adjective,b2
necessarily,adverb,b1
necessary,adjective,a2
neck,noun,a2
need,noun,a2
need,verb,a1
need,modal verb,b1
needle,noun,b1
negative,adjective,a1
negative,noun,b2
neighbour,noun,a1
neighbourhood,noun,b1
neither,adverb,b1
neither,determiner,a2
neither,pronoun,a2
nerve,noun,b2
nervous,adjective,a2
net,noun,b1
network,noun,a2
never,adverb,a1
nevertheless,adverb,b2
new,adjective,a1
news,noun,a1
newspaper,noun,a1
next,adjective,a1
next,adverb,a1
next,noun,b1
next to,preposition,a1
nice,adjective,a1
night,noun,a1
nightmare,noun,b2
nine,number,a1
nineteen,number,a1
ninety,number,a1
no,determiner,a1
no,exclamation,a1
no one,pronoun,a1
nobody,pronoun,a1
noise,noun,a2
noisy,adjective,a2
none,pronoun,a2
nor,adverb,b1
nor,conjunction,b1
normal,adjective,a2
normal,noun,b1
normally,adverb,a2
north,adjective,a1
north,adverb,a1
north,noun,a1
northern,adjective,b1
nose,noun,a1
not,adverb,a1
note,noun,a1
note,verb,b1
nothing,pronoun,a1
notice,noun,a2
notice,verb,a2
notion,noun,b2
novel,noun,a2
November,noun,a1
now,adverb,a1
now,conjunction,b1
nowhere,adverb,a2
nuclear,adjective,b1
number,noun,a1
number,verb,a2
numerous,adjective,b2
nurse,noun,a1
nut,noun,a2
o'clock,adverb,a1
obey,verb,b2
object,noun,a1
object,verb,b2
objective,adjective,b2
objective,noun,b2
obligation,noun,b2
observation,noun,b2
observe,verb,b2
obtain,verb,b2
obvious,adjective,b1
obviously,adverb,b1
occasion,noun,b1
occasionally,adverb,b2
occur,verb,b1
ocean,noun,a2
October,noun,a1
odd,adjective,b1
of,preposition,a1
off,adverb,a1
off,preposition,a1
offence,noun,b2
offend,verb,b2
offensive,adjective,b2
offer,noun,a2
offer,verb,a2
office,noun,a1
officer,noun,a2
official,adjective,b1
official,noun,b2
often,adverb,a1
oh,exclamation,a1
oil,noun,a2
OK,adjective,a1
OK,adverb,a1
OK,exclamation,a1
old,adjective,a1
old-fashioned,adjective,b1
on,adverb,a1
on,preposition,a1
once,adverb,a1
once,conjunction,b1
one,determiner,a1
one,number,a1
one,pronoun,a1
onion,noun,a1
online,adjective,a1
online,adverb,a1
only,adjective,a1
only,adverb,a1
onto,preposition,a2
open,adjective,a1
open,verb,a1
opening,noun,b2
operate,verb,b2
operation,noun,b1
opinion,noun,a1
opponent,noun,b2
opportunity,noun,a2
oppose,verb,b2
opposed,adjective,b2
opposite,adjective,a1
opposite,adverb,a1
opposite,noun,a1
opposite,preposition,a1
opposition,noun,b2
option,noun,a2
or,conjunction,a1
orange,adjective,a1
orange,noun,a1
order,noun,a1
order,verb,a1
ordinary,adjective,a2
organ,noun,b2
organization,noun,a2
organize,verb,a2
organized,adjective,b1
organizer,noun,b1
origin,noun,b2
original,adjective,a2
original,noun,b1
originally,adverb,b1
other,adjective,a1
other,pronoun,a1
otherwise,adverb,b2
ought,modal verb,b1
our,determiner,a1
ours,pronoun,b1
ourselves,pronoun,a2
out,adverb,a1
out,preposition,a1
outcome,noun,b2
outdoor,adjective,b1
outdoors,adverb,b1
outer,adjective,b2
outline,noun,b2
outline,verb,b2
outside,adjective,a2
outside,adverb,a1
outside,noun,a2
outside,preposition,a2
oven,noun,a2
over,adverb,a1
over,preposition,a1
overall,adjective,b2
overall,adverb,b2
owe,verb,b2
own,adjective,a1
own,pronoun,a1
own,verb,a2
owner,noun,a2
pace,noun,b2
pace,verb,b2
pack,noun,b1
pack,verb,a2
package,noun,b1
package,verb,b2
page,noun,a1
pain,noun,a2
painful,adjective,b1
paint,noun,a1
paint,verb,a1
painter,noun,a2
painting,noun,a1
pair,noun,a1
palace,noun,a2
pale,adjective,b1
pan,noun,b1
panel,noun,b2
pants,noun,a2
paper,noun,a1
paragraph,noun,a1
parent,noun,a1
park,noun,a1
park,verb,a1
parking,noun,a2
parliament,noun,b2
part,noun,a1
participant,noun,b2
participate,verb,b1
particular,adjective,a2
particularly,adverb,b1
partly,adverb,b2
partner,noun,a1
party,noun,a1
pass,noun,b1
pass,verb,a2
passage,noun,b2
passenger,noun,a2
passion,noun,b1
passport,noun,a1
past,adjective,a1
past,adverb,a2
past,noun,a1
past,preposition,a1
path,noun,b1
patient,adjective,b2
patient,noun,a2
pattern,noun,a2
pay,noun,a2
pay,verb,a1
payment,noun,b1
peace,noun,a2
peaceful,adjective,b1
pen,noun,a1
pencil,noun,a1
penny,noun,a2
pension,noun,b2
people,noun,a1
pepper,noun,a1
per,preposition,a2
per cent,adjective,a2
per cent,adverb,a2
per cent,noun,a2
percentage,noun,b1
perfect,adjective,a1
perfectly,adverb,b1
perform,verb,a2
performance,noun,b1
perhaps,adverb,a2
period,noun,a1
permanent,adjective,b2
permission,noun,a2
permit,noun,b2
permit,verb,b2
person,noun,a1
personal,adjective,a1
personality,noun,a2
personally,adverb,b1
perspective,noun,b2
persuade,verb,b1
pet,noun,a2
petrol,noun,a2
phase,noun,b2
phenomenon,noun,b2
philosophy,noun,b2
phone,noun,a1
phone,verb,a1
photo,noun,a1
photograph,noun,a1
photograph,verb,a2
photographer,noun,b1
photography,noun,b1
phrase,noun,a1
physical,adjective,a2
physics,noun,a2
piano,noun,a1
pick,noun,b2
pick,verb,a2
picture,noun,a1
picture,verb,b2
piece,noun,a1
pig,noun,a1
pile,noun,b2
pile,verb,b2
pilot,noun,a2
pin,noun,b1
pin,verb,b1
pink,adjective,a1
pink,noun,a1
pipe,noun,b1
pitch,noun,b2
place,noun,a1
place,verb,b1
plain,adjective,b2
plan,noun,a1
plan,verb,a1
plane,noun,a1
planet,noun,a2
planning,noun,b1
plant,noun,a1
plant,verb,a2
plastic,adjective,a2
plastic,noun,a2
plate,noun,a2
platform,noun,a2
play,noun,a1
play,verb,a1
player,noun,a1
pleasant,adjective,b1
please,exclamation,a1
please,verb,a2
pleased,adjective,a2
pleasure,noun,b1
plenty,pronoun,b1
plot,noun,b1
plot,verb,b2
plus,adjective,b2
plus,conjunction,b2
plus,noun,b2
plus,preposition,b1
pocket,noun,a2
poem,noun,b1
poet,noun,b1
poetry,noun,b1
point,noun,a1
point,verb,b1
pointed,adjective,b2
poison,noun,b1
poison,verb,b1
poisonous,adjective,b1
police,noun,a1
policeman,noun,a1
policy,noun,b1
polite,adjective,a2
political,adjective,b1
politician,noun,b1
politics,noun,b1
pollution,noun,a2
pool,noun,a1
poor,adjective,a1
pop,adjective,a2
pop,noun,a2
popular,adjective,a1
popularity,noun,b2
population,noun,a2
port,noun,b1
portrait,noun,b1
pose,verb,b2
position,noun,a2
position,verb,b2
positive,adjective,a1
positive,noun,b2
possess,verb,b2
possession,noun,a2
possibility,noun,a2
possible,adjective,a1
possibly,adverb,b1
post,noun,a1
post,verb,a1
poster,noun,a2
pot,noun,b1
potato,noun,a1
potential,adjective,b2
potential,noun,b2
pound,noun,a1
pour,verb,b1
poverty,noun,b1
powder,noun,b1
power,noun,a2
power,verb,b2
powerful,adjective,b1
practical,adjective,b1
practice,noun,a1
practise,verb,a1
praise,noun,b2
praise,verb,b2
pray,verb,b1
prayer,noun,b1
predict,verb,a2
prediction,noun,b1
prefer,verb,a1
pregnant,adjective,b2
preparation,noun,b2
prepare,verb,a1
prepared,adjective,b1
presence,noun,b2
present,adjective,a1
present,noun,a1
present,verb,a2
presentation,noun,b1
preserve,verb,b2
president,noun,a2
press,noun,b1
press,verb,b1
pressure,noun,b1
pretend,verb,b1
pretty,adjective,a1
pretty,adverb,a1
prevent,verb,a2
previous,adjective,b1
previously,adverb,b1
price,noun,a1
price,verb,b2
priest,noun,b1
primary,adjective,b1
prime,adjective,b2
prince,noun,b1
princess,noun,b1
principle,noun,b2
print,noun,b2
print,verb,a2
printer,noun,a2
printing,noun,b1
priority,noun,b2
prison,noun,a2
prisoner,noun,b1
privacy,noun,b2
private,adjective,b1
prize,noun,a2
probably,adverb,a1
problem,noun,a1
procedure,noun,b2
process,noun,a2
process,verb,b2
produce,noun,b2
produce,verb,a2
producer,noun,b1
product,noun,a1
production,noun,b1
profession,noun,b1
professional,adjective,a2
professional,noun,b2
professor,noun,a2
profile,noun,a2
profit,noun,b1
program,noun,a2
program,verb,b1
programme,noun,a1
progress,noun,a2
progress,verb,b2
project,noun,a1
project,verb,b2
promise,noun,a2
promise,verb,a2
promote,verb,b1
pronounce,verb,a2
proof,noun,b2
proper,adjective,b1
properly,adverb,b1
property,noun,b1
proposal,noun,b2
propose,verb,b2
prospect,noun,b2
protect,verb,a2
protection,noun,b2
protest,noun,b1
protest,verb,b1
proud,adjective,b1
prove,verb,b1
provide,verb,a2
psychologist,noun,b2
psychology,noun,b2
pub,noun,a2
public,adjective,a2
public,noun,a2
publication,noun,b2
publish,verb,a2
pull,noun,b1
pull,verb,a2
punish,verb,b1
punishment,noun,b1
pupil,noun,b2
purchase,noun,b2
purchase,verb,b2
pure,adjective,b2
purple,adjective,a1
purple,noun,a1
purpose,noun,a2
pursue,verb,b2
push,noun,b1
push,verb,a2
put,verb,a1
qualification,noun,b1
qualified,adjective,b1
qualify,verb,b1
quality,noun,a2
quantity,noun,a2
quarter,noun,a1
queen,noun,a2
question,noun,a1
question,verb,a2
queue,noun,b1
queue,verb,b1
quick,adjective,a1
quickly,adverb,a1
quiet,adjective,a1
quietly,adverb,a2
quit,verb,b1
quite,adverb,a1
quotation,noun,b1
quote,noun,b1
quote,verb,b1
race,noun,a2
race,verb,a2
racing,noun,b1
radio,noun,a1
railway,noun,a2
rain,noun,a1
rain,verb,a1
raise,verb,a2
range,noun,b1
range,verb,b2
rank,noun,b2
rank,verb,b2
rapid,adjective,b2
rapidly,adverb,b2
rare,adjective,b1
rarely,adverb,b1
rate,noun,a2
rate,verb,b2
rather,adverb,a2
raw,adjective,b2
reach,noun,b2
reach,verb,a2
react,verb,a2
reaction,noun,b1
read,verb,a1
reader,noun,a1
reading,noun,a1
ready,adjective,a1
real,adjective,a1
realistic,adjective,b2
reality,noun,b1
realize,verb,a2
really,adverb,a1
reason,noun,a1
reasonable,adjective,b2
recall,verb,b2
receipt,noun,b1
receive,verb,a2
recent,adjective,a2
recently,adverb,a2
reception,noun,a2
recipe,noun,a2
recognize,verb,a2
recommend,verb,a2
recommendation,noun,b1
record,noun,a2
record,verb,a2
recording,noun,a2
recover,verb,b2
recycle,verb,a2
red,adjective,a1
red,noun,a1
reduce,verb,a2
reduction,noun,b2
refer,verb,a2
reference,noun,b1
reflect,verb,b1
refuse,verb,a2
regard,noun,b2
regard,verb,b2
region,noun,a2
regional,adjective,b2
register,noun,b2
register,verb,b2
regret,noun,b2
regret,verb,b2
regular,adjective,a2
regularly,adverb,b1
regulation,noun,b2
reject,verb,b1
relate,verb,b1
related,adjective,b1
relation,noun,b1
relationship,noun,a2
relative,adjective,b1
relative,noun,b1
relatively,adverb,b2
relax,verb,a1
relaxed,adjective,b1
relaxing,adjective,b1
release,noun,b1
release,verb,b1
relevant,adjective,b2
reliable,adjective,b1
relief,noun,b2
religion,noun,b1
religious,adjective,b1
rely,verb,b2
remain,verb,b1
remark,noun,b2
remark,verb,b2
remember,verb,a1
remind,verb,b1
remote,adjective,b1
remove,verb,a2
rent,noun,b1
rent,verb,b1
repair,noun,b1
repair,verb,a2
repeat,noun,b1
repeat,verb,a1
repeated,adjective,b1
replace,verb,a2
reply,noun,a2
reply,verb,a2
report,noun,a1
report,verb,a2
reporter,noun,a2
represent,verb,b1
representative,adjective,b2
representative,noun,b2
reputation,noun,b2
request,noun,a2
request,verb,b1
require,verb,b1
requirement,noun,b2
rescue,noun,b2
rescue,verb,b2
research,noun,a2
research,verb,a2
researcher,noun,a2
reservation,noun,b1
reserve,noun,b2
reserve,verb,b2
resident,adjective,b2
resident,noun,b2
resist,verb,b2
resolve,verb,b2
resort,noun,b2
resource,noun,b1
respect,noun,b1
respect,verb,b1
respond,verb,a2
response,noun,a2
responsibility,noun,b1
responsible,adjective,b1
rest,noun,a2
rest,verb,a2
restaurant,noun,a1
result,noun,a1
result,verb,b1
retain,verb,b2
retire,verb,b1
retired,adjective,b1
return,noun,a1
return,verb,a1
reveal,verb,b2
review,noun,a2
review,verb,a2
revise,verb,b1
revolution,noun,b2
reward,noun,b2
reward,verb,b2
rhythm,noun,b2
rice,noun,a1
rich,adjective,a1
rid,verb,b2
ride,noun,a2
ride,verb,a1
right,adjective,a1
right,adverb,a1
right,noun,a1
ring,noun,a2
ring,verb,a2
rise,noun,b1
rise,verb,a2
risk,noun,b1
risk,verb,b1
river,noun,a1
road,noun,a1
robot,noun,b1
rock,noun,a2
role,noun,a2
roll,noun,b1
roll,verb,b1
romantic,adjective,b1
roof,noun,a2
room,noun,a1
root,noun,b2
rope,noun,b1
rough,adjective,b1
round,adjective,a2
round,adverb,a2
round,noun,b2
round,preposition,a2
route,noun,a2
routine,adjective,b2
routine,noun,a1
row,noun,b1
royal,adjective,b1
rub,verb,b2
rubber,adjective,b2
rubber,noun,b2
rubbish,noun,a2
rude,adjective,a2
rugby,noun,b1
rule,noun,a1
rule,verb,b1
run,noun,a2
run,verb,a1
runner,noun,a2
running,noun,a2
rural,adjective,b2
rush,noun,b2
rush,verb,b2
sad,adjective,a1
sadly,adverb,a2
safe,adjective,a2
safety,noun,b1
sail,noun,b1
sail,verb,a2
sailing,noun,a2
sailor,noun,b1
salad,noun,a1
salary,noun,a2
sale,noun,a2
salt,noun,a1
same,adjective,a1
same,adverb,a1
same,pronoun,a1
sample,noun,b1
sample,verb,b2
sand,noun,b1
sandwich,noun,a1
satellite,noun,b2
satisfied,adjective,b2
satisfy,verb,b2
Saturday,noun,a1
sauce,noun,a2
save,verb,a2
saving,noun,b2
say,verb,a1
scale,noun,b2
scan,verb,b1
scared,adjective,a2
scary,adjective,a2
scene,noun,a2
schedule,noun,a2
schedule,verb,b2
scheme,noun,b2
school,noun,a1
science,noun,a1
scientific,adjective,b1
scientist,noun,a1
score,noun,a2
score,verb,a2
scream,noun,b2
scream,verb,b2
screen,noun,a2
screen,verb,b2
script,noun,b1
sculpture,noun,b1
sea,noun,a1
search,noun,a2
search,verb,a2
season,noun,a2
seat,noun,a2
seat,verb,b2
second,adverb,a2
second,determiner,a1
second,noun,a1
second,ordinal number,a1
secondary,adjective,b1
secondly,adverb,a2
secret,adjective,a2
secret,noun,a2
secretary,noun,a2
section,noun,a1
sector,noun,b2
secure,adjective,b2
secure,verb,b2
security,noun,b1
see,verb,a1
seed,noun,b1
seek,verb,b2
seem,linking verb,a2
select,verb,b2
selection,noun,b2
self,noun,b2
sell,verb,a1
send,verb,a1
senior,adjective,b2
sense,noun,a2
sense,verb,b2
sensible,adjective,b1
sensitive,adjective,b2
sentence,noun,a1
sentence,verb,b2
separate,adjective,a2
separate,verb,b1
September,noun,a1
sequence,noun,b2
series,noun,a2
serious,adjective,a2
seriously,adverb,b1
servant,noun,b1
serve,verb,a2
service,noun,a2
session,noun,b2
set,noun,b1
set,verb,b1
setting,noun,b1
settle,verb,b2
seven,number,a1
seventeen,number,a1
seventy,number,a1
several,determiner,a2
several,pronoun,a2
severe,adjective,b2
sex,noun,b1
sexual,adjective,b1
shade,noun,b2
shadow,noun,b2
shake,noun,b1
shake,verb,a2
shall,modal verb,a2
shallow,adjective,b2
shame,noun,b2
shape,noun,a2
shape,verb,b2
share,noun,b1
share,verb,a1
sharp,adjective,b1
she,pronoun,a1
sheep,noun,a1
sheet,noun,a2
shelf,noun,b1
shell,noun,b1
shelter,noun,b2
shelter,verb,b2
shift,noun,b1
shift,verb,b2
shine,verb,b1
shiny,adjective,b1
ship,noun,a2
ship,verb,b2
shirt,noun,a1
shock,noun,b2
shock,verb,b2
shocked,adjective,b2
shoe,noun,a1
shoot,verb,b1
shooting,noun,b2
shop,noun,a1
shop,verb,a1
shopping,noun,a1
short,adjective,a1
shot,noun,b2
should,modal verb,a1
shoulder,noun,a2
shout,noun,a2
shout,verb,a2
show,noun,a1
show,verb,a1
shower,noun,a1
shut,adjective,a2
shut,verb,a2
shy,adjective,b1
sick,adjective,a1
side,noun,a2
sight,noun,b1
sign,noun,a2
sign,verb,a2
signal,noun,b1
signal,verb,b1
significant,adjective,b2
significantly,adverb,b2
silence,noun,b2
silent,adjective,b1
silk,noun,b2
silly,adjective,b1
silver,adjective,a2
silver,noun,a2
similar,adjective,a1
similarity,noun,b1
similarly,adverb,b1
simple,adjective,a2
simply,adverb,b1
since,adverb,b1
since,conjunction,a2
since,preposition,a2
sincere,adjective,b2
sing,verb,a1
singer,noun,a1
singing,noun,a2
single,adjective,a2
single,noun,a2
sink,verb,b1
sir,noun,a2
sister,noun,a1
sit,verb,a1
site,noun,a2
situation,noun,a1
six,number,a1
sixteen,number,a1
sixty,number,a1
size,noun,a2
ski,adjective,a2
ski,noun,a2
ski,verb,a2
skiing,noun,a2
skill,noun,a1
skin,noun,a2
skirt,noun,a1
sky,noun,a2
slave,noun,b2
sleep,noun,a2
sleep,verb,a1
slice,noun,b1
slice,verb,b1
slide,noun,b2
slide,verb,b2
slight,adjective,b2
slightly,adverb,b1
slip,verb,b2
slope,noun,b2
slope,verb,b2
slow,adjective,a1
slow,verb,b1
slowly,adverb,a2
small,adjective,a1
smart,adjective,b1
smartphone,noun,a2
smell,noun,a2
smell,verb,a2
smile,noun,a2
smile,verb,a2
smoke,noun,a2
smoke,verb,a2
smoking,noun,a2
smooth,adjective,b1
snake,noun,a1
snow,noun,a1
snow,verb,a1
so,adverb,a1
so,conjunction,a1
soap,noun,a2
soccer,noun,a2
social,adjective,a2
society,noun,a2
sock,noun,a2
soft,adjective,a2
software,noun,b1
soil,noun,b1
solar,adjective,b2
soldier,noun,a2
solid,adjective,b1
solid,noun,b1
solution,noun,a2
solve,verb,a2
some,determiner,a1
some,pronoun,a1
somebody,pronoun,a1
someone,pronoun,a1
something,pronoun,a1
sometimes,adverb,a1
somewhat,adverb,b2
somewhere,adverb,a2
somewhere,pronoun,a2
son,noun,a1
song,noun,a1
soon,adverb,a1
sorry,adjective,a1
sorry,exclamation,a1
sort,noun,a2
sort,verb,b1
soul,noun,b2
sound,noun,a1
sound,verb,a1
soup,noun,a1
source,noun,a2
south,adjective,a1
south,adverb,a1
south,noun,a1
southern,adjective,b1
space,noun,a1
speak,verb,a1
speaker,noun,a2
special,adjective,a1
specialist,adjective,b2
specialist,noun,b2
species,noun,b2
specific,adjective,a2
specifically,adverb,b1
speech,noun,a2
speed,noun,a2
speed,verb,b2
spell,verb,a1
spelling,noun,a1
spend,verb,a1
spending,noun,b1
spicy,adjective,b1
spider,noun,a2
spirit,noun,b1
spiritual,adjective,b2
split,noun,b2
split,verb,b2
spoken,adjective,b1
sponsor,noun,b2
sponsor,verb,b2
spoon,noun,a2
sport,noun,a1
spot,noun,b1
spot,verb,b2
spread,noun,b2
spread,verb,b1
spring,noun,a1
spring,verb,b2
square,adjective,a2
square,noun,a2
stable,adjective,b2
stadium,noun,b1
staff,noun,b1
stage,noun,a2
stage,verb,b2
stair,noun,a2
stamp,noun,a2
stand,noun,b2
stand,verb,a1
standard,adjective,b1
standard,noun,b1
star,noun,a1
star,verb,a2
stare,verb,b2
start,noun,a2
start,verb,a1
state,adjective,b1
state,noun,a2
state,verb,b1
statement,noun,a1
station,noun,a1
statistic,noun,b1
statue,noun,b1
status,noun,b2
stay,noun,a2
stay,verb,a1
steady,adjective,b2
steal,verb,a2
steel,noun,b2
steep,adjective,b2
step,noun,a2
step,verb,b2
stick,noun,b1
stick,verb,b1
sticky,adjective,b2
stiff,adjective,b2
still,adjective,b1
still,adverb,a1
stock,noun,b2
stomach,noun,a2
stone,noun,a2
stop,noun,a1
stop,verb,a1
store,noun,a2
store,verb,b1
storm,noun,a2
story,noun,a1
straight,adjective,a2
straight,adverb,a2
strange,adjective,a2
stranger,noun,b1
strategy,noun,a2
stream,noun,b2
street,noun,a1
strength,noun,b1
stress,noun,a2
stress,verb,a2
stretch,noun,b2
stretch,verb,b2
strict,adjective,b2
strike,noun,b2
strike,verb,b2
string,noun,b1
strong,adjective,a1
strongly,adverb,b1
structure,noun,a2
structure,verb,b2
struggle,noun,b2
struggle,verb,b2
student,noun,a1
studio,noun,b1
study,noun,a1
study,verb,a1
stuff,noun,b1
stuff,verb,b2
stupid,adjective,a2
style,noun,a1
subject,adjective,b2
subject,noun,a1
submit,verb,b2
substance,noun,b1
succeed,verb,a2
success,noun,a1
successful,adjective,a2
successfully,adverb,b1
such,determiner,a2
such,pronoun,a2
sudden,adjective,b1
suddenly,adverb,a2
suffer,verb,b1
sugar,noun,a1
suggest,verb,a2
suggestion,noun,a2
suit,noun,a2
suit,verb,b1
suitable,adjective,b1
sum,noun,b2
sum,verb,b2
summarize,verb,b1
summary,noun,b1
summer,noun,a1
sun,noun,a1
Sunday,noun,a1
supermarket,noun,a1
supply,noun,b1
supply,verb,b1
support,noun,a2
support,verb,a2
supporter,noun,b1
suppose,verb,a2
sure,adjective,a1
sure,adverb,a2
surely,adverb,b1
surface,noun,b1
surgery,noun,b2
surprise,noun,a2
surprise,verb,a2
surprised,adjective,a2
surprising,adjective,a2
surround,verb,b2
surrounding,adjective,b2
survey,noun,a2
survey,verb,b2
survive,verb,b1
suspect,noun,b2
suspect,verb,b2
swear,verb,b2
sweater,noun,a1
sweep,verb,b2
sweet,adjective,a2
sweet,noun,a2
swim,noun,b1
swim,verb,a1
swimming,noun,a1
switch,noun,b2
switch,verb,b1
symbol,noun,a2
sympathy,noun,b2
symptom,noun,b1
system,noun,a2
T-shirt,noun,a1
table,noun,a1
tablet,noun,a2
tail,noun,b1
take,verb,a1
tale,noun,b2
talent,noun,b1
talented,adjective,b1
talk,noun,a2
talk,verb,a1
tall,adjective,a1
tank,noun,b2
tape,noun,b1
target,noun,a2
target,verb,b2
task,noun,a2
taste,noun,a2
taste,verb,a2
tax,noun,b1
tax,verb,b1
taxi,noun,a1
tea,noun,a1
teach,verb,a1
teacher,noun,a1
teaching,noun,a2
team,noun,a1
tear,noun,b2
tear,verb,b2
technical,adjective,b1
technique,noun,b1
technology,noun,a2
teenage,adjective,a2
teenager,noun,a1
telephone,noun,a1
telephone,verb,a1
television,noun,a1
tell,verb,a1
temperature,noun,a2
temporary,adjective,b2
ten,number,a1
tend,verb,b1
tennis,noun,a1
tent,noun,b1
term,noun,a2
term,verb,b2
terrible,adjective,a1
test,noun,a1
test,verb,a1
text,noun,a1
text,verb,a2
than,conjunction,a1
than,preposition,a1
thank,verb,a1
thanks,exclamation,a1
thanks,noun,a1
that,adverb,b1
that,conjunction,a1
that,determiner,a1
that,pronoun,a1
the,definite article,a1
theatre,noun,a1
their,determiner,a1
theirs,pronoun,b1
them,pronoun,a1
theme,noun,b1
themselves,pronoun,a2
then,adverb,a1
theory,noun,b1
therapy,noun,b2
there,adverb,a1
therefore,adverb,b1
they,pronoun,a1
thick,adjective,a2
thief,noun,a2
thin,adjective,a2
thing,noun,a1
think,verb,a1
thinking,noun,a2
third,noun,a2
third,ordinal number,a1
thirsty,adjective,a1
thirteen,number,a1
thirty,number,a1
this,adverb,b1
this,determiner,a1
this,pronoun,a1
though,adverb,b1
though,conjunction,b1
thought,noun,a2
thousand,number,a1
threat,noun,b2
threaten,verb,b2
three,number,a1
throat,noun,b1
through,adverb,a1
through,preposition,a1
throughout,adverb,b1
throughout,preposition,b1
throw,verb,a2
Thursday,noun,a1
thus,adverb,b2
ticket,noun,a1
tidy,adjective,a2
tidy,verb,a2
tie,noun,a2
tie,verb,a2
tight,adjective,b1
till,conjunction,b1
till,preposition,b1
time,noun,a1
time,verb,b2
tin,noun,b1
tiny,adjective,b1
tip,noun,a2
tip,verb,b1
tired,adjective,a1
title,noun,a1
title,verb,b2
to,infinitive marker,a1
to,preposition,a1
today,adverb,a1
today,noun,a1
toe,noun,b1
together,adverb,a1
toilet,noun,a1
tomato,noun,a1
tomorrow,adverb,a1
tomorrow,noun,a1
tone,noun,b2
tongue,noun,b1
tonight,adverb,a1
tonight,noun,a1
too,adverb,a1
tool,noun,a2
tooth,noun,a1
top,adjective,a2
top,noun,a2
topic,noun,a1
total,adjective,b1
total,noun,b1
totally,adverb,b1
touch,noun,b1
touch,verb,a2
tough,adjective,b2
tour,noun,a2
tour,verb,b1
tourism,noun,a2
tourist,noun,a1
towards,preposition,a2
towel,noun,a2
tower,noun,a2
town,noun,a1
toy,adjective,a2
toy,noun,a2
track,noun,a2
track,verb,b2
trade,noun,b1
trade,verb,b1
tradition,noun,a2
traditional,adjective,a2
traffic,noun,a1
train,noun,a1
train,verb,a2
trainer,noun,a2
training,noun,a2
transfer,noun,b2
transfer,verb,b2
transform,verb,b2
transition,noun,b2
translate,verb,b1
translation,noun,b1
transport,noun,a2
transport,verb,b1
travel,noun,a1
travel,verb,a1
traveller,noun,a2
treat,verb,b1
treatment,noun,b1
tree,noun,a1
trend,noun,b1
trial,noun,b2
trick,noun,b1
trick,verb,b1
trip,noun,a1
trip,verb,b2
tropical,adjective,b2
trouble,noun,a2
trouble,verb,b2
trousers,noun,a1
truck,noun,a2
true,adjective,a1
truly,adverb,b2
trust,noun,b2
trust,verb,b2
truth,noun,b1
try,noun,b2
try,verb,a1
tube,noun,b1
Tuesday,noun,a1
tune,noun,b2
tunnel,noun,b2
turn,noun,a1
turn,verb,a1
TV,noun,a1
twelve,number,a1
twenty,number,a1
twice,adverb,a1
twin,adjective,a2
twin,noun,a2
two,number,a1
type,noun,a1
type,verb,b1
typical,adjective,a2
typically,adverb,b1
tyre,noun,b1
ugly,adjective,b1
ultimately,adverb,b2
umbrella,noun,a1
unable,adjective,b1
uncle,noun,a1
uncomfortable,adjective,b1
unconscious,adjective,b2
under,adverb,a1
under,preposition,a1
underground,adjective,a2
underground,adverb,a2
understand,verb,a1
understanding,noun,a2
underwear,noun,b1
unemployed,adjective,b1
unemployment,noun,b1
unexpected,adjective,b2
unfair,adjective,b1
unfortunately,adverb,a2
unhappy,adjective,a2
uniform,noun,a2
union,noun,b1
unique,adjective,b2
unit,noun,a2
united,adjective,a2
universe,noun,b2
university,noun,a1
unknown,adjective,b2
unless,conjunction,b1
unlike,preposition,b1
unlikely,adjective,b1
unnecessary,adjective,b1
unpleasant,adjective,b1
until,conjunction,a1
until,preposition,a1
unusual,adjective,a2
up,adverb,a1
up,preposition,a1
update,noun,b1
update,verb,b1
upon,preposition,b1
upper,adjective,b2
upset,adjective,b1
upset,verb,b1
upstairs,adjective,a2
upstairs,adverb,a1
upwards,adverb,b2
urban,adjective,b2
urge,verb,b2
us,pronoun,a1
use,noun,a2
use,verb,a1
used,adjective,b1
used to,modal verb,a2
useful,adjective,a1
user,noun,a2
usual,adjective,a2
usually,adverb,a1
vacation,noun,a1
valley,noun,a2
valuable,adjective,b1
value,noun,b1
value,verb,b2
van,noun,a2
variety,noun,a2
various,adjective,b1
vary,verb,b2
vast,adjective,b2
vegetable,noun,a1
vehicle,noun,a2
venue,noun,b2
version,noun,b1
very,adjective,b2
very,adverb,a1
via,preposition,b2
victim,noun,b1
victory,noun,b2
video,noun,a1
view,noun,a2
view,verb,b1
viewer,noun,b1
village,noun,a1
violence,noun,b2
violent,adjective,b1
virtual,adjective,b2
virus,noun,a2
vision,noun,b2
visit,noun,a1
visit,verb,a1
visitor,noun,a1
visual,adjective,b2
vital,adjective,b2
vitamin,noun,b2
voice,noun,a2
volume,noun,b2
volunteer,noun,b1
volunteer,verb,b1
vote,noun,b1
vote,verb,b1
wage,noun,b2
wait,noun,a2
wait,verb,a1
waiter,noun,a1
wake,verb,a1
walk,noun,a1
walk,verb,a1
wall,noun,a1
want,verb,a1
war,noun,a2
warm,adjective,a1
warm,verb,b1
warn,verb,b1
warning,noun,b1
wash,noun,a2
wash,verb,a1
washing,noun,a2
waste,adjective,b1
waste,noun,b1
waste,verb,b1
watch,noun,a1
watch,verb,a1
water,noun,a1
water,verb,b1
wave,noun,a2
wave,verb,b1
way,adverb,b2
way,noun,a1
we,pronoun,a1
weak,adjective,a2
weakness,noun,b2
wealth,noun,b2
wealthy,adjective,b2
weapon,noun,b1
wear,verb,a1
weather,noun,a1
web,noun,a2
website,noun,a1
wedding,noun,a2
Wednesday,noun,a1
week,noun,a1
weekend,noun,a1
weigh,verb,b1
weight,noun,a2
welcome,adjective,a1
welcome,exclamation,a1
welcome,noun,a2
welcome,verb,a1
well,adjective,a1
well,adverb,a1
well,exclamation,a1
west,adjective,a1
west,adverb,a1
west,noun,a1
western,adjective,b1
wet,adjective,a2
what,determiner,a1
what,pronoun,a1
whatever,determiner,b1
whatever,pronoun,b1
wheel,noun,a2
when,adverb,a1
when,conjunction,a1
when,pronoun,a1
whenever,conjunction,b1
where,adverb,a1
where,conjunction,a1
whereas,conjunction,b2
wherever,conjunction,b2
whether,conjunction,b1
which,determiner,a1
which,pronoun,a1
while,conjunction,a2
while,noun,b1
whisper,noun,b2
whisper,verb,b2
white,adjective,a1
white,noun,a1
who,pronoun,a1
whole,adjective,a2
whole,noun,b1
whom,pronoun,b2
whose,determiner,a2
whose,pronoun,a2
why,adverb,a1
wide,adjective,a2
widely,adverb,b2
wife,noun,a1
wild,adjective,a2
wildlife,noun,b2
will,noun,b1
will,modal verb,a1
willing,adjective,b2
win,noun,b1
win,verb,a1
wind,noun,a2
wind,verb,b2
window,noun,a1
wine,noun,a1
wing,noun,b1
winner,noun,a2
winter,noun,a1
wire,noun,b2
wise,adjective,b2
wish,noun,a2
wish,verb,a2
with,preposition,a1
within,preposition,b1
without,preposition,a1
witness,noun,b2
witness,verb,b2
woman,noun,a1
wonder,noun,b1
wonder,verb,b1
wonderful,adjective,a1
wood,noun,a2
wooden,adjective,a2
wool,noun,b1
word,noun,a1
work,noun,a1
work,verb,a1
worker,noun,a1
working,adjective,a2
world,noun,a1
worldwide,adjective,b1
worldwide,adverb,b1
worried,adjective,a2
worry,noun,b1
worry,verb,a2
worse,adjective,a2
worse,adverb,b1
worse,noun,b2
worst,adjective,a2
worst,adverb,b1
worst,noun,b2
worth,adjective,b1
worth,noun,b2
would,modal verb,a1
wound,noun,b2
wound,verb,b2
wow,exclamation,a2
wrap,verb,b2
write,verb,a1
writer,noun,a1
writing,noun,a1
written,adjective,b1
wrong,adjective,a1
wrong,adverb,b1
wrong,noun,b2
yard,noun,b1
yeah,exclamation,a1
year,noun,a1
yellow,adjective,a1
yellow,noun,a1
yes,exclamation,a1
yesterday,adverb,a1
yesterday,noun,a1
yet,adverb,a2
yet,conjunction,b2
you,pronoun,a1
young,adjective,a1
young,noun,b1
your,determiner,a1
yours,pronoun,a2
yourself,pronoun,a1
youth,noun,b1
zero,number,a2
zone,noun,b2
